"","name","num","val"
"1","y_ceng",1,-0.148345193561919
"2","y_ceng",2,0.475653118183134
"3","y_ceng",3,0.543764432194486
"4","y_ceng",4,-0.230159875309748
"5","y_ceng",5,0.466171319943012
"6","y_ceng",6,-0.255428995010884
"7","y_dmptlur",1,25
"8","y_dmptpi",1,-25
"9","y_dpadj",1,1
"10","y_ecd",1,0.155355791847603
"11","y_ecd",2,-0.0586015624043012
"12","y_ecd",3,1
"13","y_ecd",4,9.03906547573922
"14","y_ech",1,0.00289056976259488
"15","y_ech",2,-0.0241587322487147
"16","y_ech",3,0.500679410595054
"17","y_ech",4,0.00173679366937116
"18","y_eco",1,0.108870483121241
"19","y_eco",2,0.460971470782983
"20","y_eco",3,1
"21","y_eco",4,0.252176379778204
"22","y_egfi",1,-0.00162094414469576
"23","y_egfi",2,-0.124376166574168
"24","y_egfi",3,-0.194625430437242
"25","y_egfi",4,-0.102811140237748
"26","y_egfi",5,1.56042885241856
"27","y_egfi",6,0.00254485256154183
"28","y_egfi",7,-0.00229786536588905
"29","y_egfit",1,-0.4027
"30","y_egfit",2,-0.1
"31","y_egfit",3,1
"32","y_egfl",1,-6.05724990043832e-05
"33","y_egfl",2,-0.0693173629459347
"34","y_egfl",3,0.304886634748514
"35","y_egfl",4,-0.0497173512410432
"36","y_egfl",5,1.06211522107224
"37","y_egfl",6,-0.00263981778207476
"38","y_egfl",7,0.00266754741404763
"39","y_egflt",1,-0.375978
"40","y_egflt",2,-0.1
"41","y_egflt",3,1
"42","y_egfo",1,-0.00272437480660757
"43","y_egfo",2,-0.165188738562342
"44","y_egfo",3,-0.265503377521435
"45","y_egfo",4,-0.138133299130045
"46","y_egfo",5,1.89405171064892
"47","y_egfo",6,-0.00465994369973658
"48","y_egfo",7,0.00425167529183108
"49","y_egfot",1,-0.342813
"50","y_egfot",2,-0.1
"51","y_egfot",3,1
"52","y_egsi",1,-1.40574036102899e-05
"53","y_egsi",2,-0.202060903310823
"54","y_egsi",3,0.0513452287486494
"55","y_egsi",4,-0.0802709528945283
"56","y_egsi",5,1.12006766780111
"57","y_egsi",6,0.00446148413343801
"58","y_egsi",7,-0.00309415093313731
"59","y_egsit",1,-0.379944
"60","y_egsit",2,-0.1
"61","y_egsit",3,1
"62","y_egsl",1,0.000432632357275569
"63","y_egsl",2,-0.141196848507155
"64","y_egsl",3,0.173955823870621
"65","y_egsl",4,0.0375890446871869
"66","y_egsl",5,0.691640311388404
"67","y_egsl",6,-0.00155990173743291
"68","y_egsl",7,0.00183248591374156
"69","y_egslt",1,-0.259779
"70","y_egslt",2,-0.1
"71","y_egslt",3,1
"72","y_egso",1,-0.000200750580146966
"73","y_egso",2,-0.0937219893352657
"74","y_egso",3,0.547550787255695
"75","y_egso",4,0.164054446686808
"76","y_egso",5,0.273840611839889
"77","y_egso",6,-0.00239077240189727
"78","y_egso",7,0.00239745457404678
"79","y_egsot",1,-0.382643
"80","y_egsot",2,-0.1
"81","y_egsot",3,1
"82","y_eh",1,0.0118483000385577
"83","y_eh",2,0.357599375536678
"84","y_eh",3,0.216140215786926
"85","y_eh",4,1
"86","y_eh",5,-0.0513579067832338
"87","y_eh",6,0.0248724762372182
"88","y_emo",1,0.0170149718681775
"89","y_emo",2,-0.198475322581253
"90","y_emo",3,1.35232826383031
"91","y_emo",4,1.6739766812068
"92","y_emo",5,0.356628323127772
"93","y_emo",6,0.38031136055622
"94","y_empt",1,0.1
"95","y_empt",2,1
"96","y_epd",1,0.163964872242712
"97","y_epd",2,0.444615897950031
"98","y_epd",3,0.369959779164813
"99","y_epd",4,0.5
"100","y_epi",1,0.0121172451748659
"101","y_epi",2,0.681903562235783
"102","y_epi",3,0.176678212923253
"103","y_epi",4,0.212294527301806
"104","y_eps",1,0.0666096567611056
"105","y_eps",2,0.542564647210923
"106","y_eps",3,0.326173390809136
"107","y_eps",4,0.5
"108","y_eps",5,-0.0969797583484995
"109","y_ex",1,0.811862931961027
"110","y_ex",2,-0.107480708761853
"111","y_ex",3,1.38575824141273
"112","y_ex",4,1.09285611828806
"113","y_ex",5,1.01456101022041
"114","y_fgdpt",1,-0.458264
"115","y_fgdpt",2,-0.1
"116","y_fgdpt",3,1
"117","y_fpi10",1,0.704582916937298
"118","y_fpi10",2,0.295417083062702
"119","y_fpi10",3,0.253183952028248
"120","y_fpi10",4,5.32421278984761
"121","y_fpi10",5,0.916338462013377
"122","y_fpi10t",1,0.95
"123","y_fpi10t",2,0.05
"124","y_fpic",1,2.17466958586458
"125","y_fpic",2,0.699419424170243
"126","y_fpic",3,0.300580575829757
"127","y_fpxr",1,0.048
"128","y_fpxr",2,0.5
"129","y_fpxrr",1,0.0301199404845909
"130","y_fpxrr",2,0.202624492816104
"131","y_frl10",1,0.0399336446026126
"132","y_frl10",2,-0.0729366962374416
"133","y_frl10",3,0.084035612272922
"134","y_frl10",4,0.363792602401399
"135","y_frl10",5,0.132161004416503
"136","y_frs10",1,0
"137","y_frs10",2,1
"138","y_frs10",3,1
"139","y_frs10",4,0.5
"140","y_frs10",5,1
"141","y_frstar",1,0.95
"142","y_frstar",2,0.05
"143","y_fxgap",1,1.28400258422695
"144","y_fxgap",2,-0.454410528773258
"145","y_fxgap",3,-0.05
"146","y_fxgap",4,0.02742233318741
"147","y_gfs",1,-0.361185
"148","y_gfs",2,-0.1
"149","y_gfs",3,1
"150","y_gfsub",1,-0.550087
"151","y_gfsub",2,-0.1
"152","y_gfsub",3,1
"153","y_gftrd",1,-3.59815924334064e-05
"154","y_gftrd",2,0.658919619667286
"155","y_gftrd",3,-0.000240828674362897
"156","y_gstrd",1,-1.23565809517214e-05
"157","y_gstrd",2,0.736699009798034
"158","y_gstrd",3,-4.48350976233522e-05
"159","y_hgemp",1,0.9
"160","y_hgemp",2,0.1
"161","y_hgpdr",1,0.9
"162","y_hgpdr",2,0.1
"163","y_hgpir",1,0.9
"164","y_hgpir",2,0.1
"165","y_hgpkir",1,0.9
"166","y_hgpkir",2,0.1
"167","y_hgppsr",1,0.9
"168","y_hgppsr",2,0.1
"169","y_hgvpd",1,0.97
"170","y_hgvpd",2,0.03
"171","y_hgvpi",1,0.97
"172","y_hgvpi",2,0.03
"173","y_hgvps",1,0.97
"174","y_hgvps",2,0.03
"175","y_hmfpt",1,0.055
"176","y_hmfpt",2,0.95
"177","y_hqlfpr",1,0
"178","y_hqlfpr",2,0.95
"179","y_hqlww",1,0.95
"180","y_hqlww",2,-0.312902934487489
"181","y_huqpct",1,0
"182","y_huqpct",2,0.95
"183","y_huxb",1,-0.0181709164765693
"184","y_huxb",2,0.95
"185","y_ki",1,0.0167910853091722
"186","y_ki",2,0.451650730999944
"187","y_ki",3,0.261794853575829
"188","y_ki",4,0.286554415424227
"189","y_ki",5,-0.00130981856976608
"190","y_left",1,0.9
"191","y_left",2,0.1
"192","y_leo",1,0.699581497995674
"193","y_leo",2,-0.0162086976869989
"194","y_lest",1,0.9
"195","y_lest",2,0.1
"196","y_lfpr",1,0.55802852059899
"197","y_lfpr",2,-0.000875556673636909
"198","y_lhp",1,0.255040531063274
"199","y_lhp",2,0.149123206911881
"200","y_lhp",3,0.390264842245243
"201","y_lhp",4,0.609735157754757
"202","y_lhp",5,-0.0909256620913107
"203","y_lww",1,0.198447041142238
"204","y_lww",2,0.312888764465358
"205","y_mei",1,0.86
"206","y_mep",1,0.86
"207","y_mfpt",1,0
"208","y_pcdr",1,-0.00320543668661868
"209","y_pcdr",2,0.506575819803693
"210","y_pcengr",1,0.0462104892622012
"211","y_pcengr",2,-0.0105354820646364
"212","y_pcengr",3,-0.0961735014875454
"213","y_pcengr",4,0.0821372743904997
"214","y_pcengr",5,0.797627837318598
"215","y_pcer",1,0.105013734581728
"216","y_pcer",2,0.563238861014052
"217","y_pcer",3,0.685856954819925
"218","y_pcer",4,0.0403076837345491
"219","y_pcfr",1,-0.175764967996876
"220","y_pcfr",2,-7.89999010167288e-05
"221","y_pcfr",3,0.377793688421571
"222","y_pcfr",4,0.0234929221294619
"223","y_pcfr",5,0.341256751196034
"224","y_pcfr",6,0.324107815050294
"225","y_pchr",1,0.000531586225584362
"226","y_pchr",2,0.594803868298625
"227","y_pgfir",1,0
"228","y_pgfor",1,0
"229","y_pgsir",1,0
"230","y_pgsor",1,0
"231","y_phouse",1,0.00481710323969356
"232","y_phouse",2,0.88984614137825
"233","y_phouse",3,-0.011208296450702
"234","y_phr",1,0
"235","y_picxfe",1,0.644974342322
"236","y_picxfe",2,0.00373609153735
"237","y_picxfe",3,0.98
"238","y_pieci",1,0.811777544324
"239","y_pieci",2,-0.0148780773818
"240","y_pieci",3,0.00186804576867
"241","y_pieci",4,0.98
"242","y_pipxnc",1,0.462801
"243","y_pipxnc",2,0.229745
"244","y_pipxnc",3,-0.284477
"245","y_pmo",1,-0.00316681511188724
"246","y_pmo",2,0.449291653428793
"247","y_pmo",3,0.294465175534545
"248","y_pmo",4,0.705534824465455
"249","y_poilr",1,-0.238634761532466
"250","y_poilr",2,-0.003817963307817
"251","y_poilr",3,0.398897318536458
"252","y_poilr",4,0.224659659406531
"253","y_ppdr",1,0
"254","y_ppsr",1,0
"255","y_ptr",1,0.9
"256","y_ptr",2,0.05
"257","y_ptr",3,0.05
"258","y_pwstar",1,0
"259","y_pwstar",2,1
"260","y_pxr",1,0
"261","y_qec",1,0.759260984287472
"262","y_qec",2,0.00257877393905779
"263","y_qec",3,0.240739015712528
"264","y_qec",4,-0.251415824089037
"265","y_qec",5,0.0315386818098327
"266","y_qecd",1,-0.61659722261203
"267","y_qecd",2,2.55726603716467
"268","y_qecd",3,-0.61659722261203
"269","y_qeco",1,-0.337229249822305
"270","y_qeh",1,1.93502699364936
"271","y_qeh",2,-0.157019551863558
"272","y_qepd",1,0
"273","y_qepd",2,1
"274","y_qepd",3,1
"275","y_qepd",4,1
"276","y_qepi",1,0
"277","y_qepi",2,1
"278","y_qepi",3,1
"279","y_qepi",4,1
"280","y_qeps",1,0
"281","y_qeps",2,1
"282","y_qeps",3,1
"283","y_qeps",4,1
"284","y_qkir",1,-0.00188536673771005
"285","y_qpl",1,1
"286","y_qpmo",1,-0.003347
"287","y_qpxg",1,0
"288","y_qpxg",2,1
"289","y_qpxnc",1,2.98507462687
"290","y_qpxnc",2,-1.98507462687
"291","y_qynidn",1,-0.988915901601815
"292","y_qynidn",2,0.361448190927569
"293","y_qynidn",3,1
"294","y_rbbbp",1,1.66354423158865
"295","y_rbbbp",2,-0.149388860993009
"296","y_rbbbp",3,0.886698658529974
"297","y_rbbbp",4,1.66354423158865
"298","y_rbbbp",5,-0.149388860993009
"299","y_rcar",1,2.10017029693185
"300","y_rcar",2,-1.16764295470407
"301","y_rcar",3,-0.00838680006310197
"302","y_rcar",4,0.693768710111857
"303","y_rcar",5,0.10280025812872
"304","y_rcar",6,0.203431031759423
"305","y_rcgain",1,0.152259005196658
"306","y_rcgain",2,0.298710974790242
"307","y_rcgain",3,0.251341621216449
"308","y_rcgain",4,0.152259005196658
"309","y_rcgain",5,0.298710974790242
"310","y_reqp",1,2.88298032422834
"311","y_reqp",2,0.639567490653128
"312","y_reqp",3,0.818504757767847
"313","y_reqp",4,2.88298032422834
"314","y_reqp",5,0.639567490653128
"315","y_rffalt",1,0.0551
"316","y_rffalt",2,1.2
"317","y_rffalt",3,-0.39
"318","y_rffalt",4,0.6954
"319","y_rffalt",5,-0.5168
"320","y_rffalt",6,0.3287
"321","y_rffgen",1,0
"322","y_rffgen",2,0
"323","y_rffgen",3,0
"324","y_rffgen",4,0
"325","y_rffgen",5,0
"326","y_rffgen",6,0.375
"327","y_rffgen",7,0.375
"328","y_rffgen",8,0.375
"329","y_rffgen",9,0.375
"330","y_rffgen",10,0
"331","y_rffgen",11,0.5
"332","y_rffgen",12,0
"333","y_rffgen",13,0
"334","y_rffgen",14,0
"335","y_rffgen",15,0
"336","y_rffgen",16,0
"337","y_rffgen",17,0
"338","y_rffgen",18,0
"339","y_rffgen",19,0
"340","y_rffgen",20,0
"341","y_rffgen",21,0
"342","y_rffgen",22,0
"343","y_rffgen",23,0
"344","y_rffgen",24,0
"345","y_rffgen",25,0
"346","y_rffgen",26,1
"347","y_rffgen",27,0
"348","y_rffgen",28,0
"349","y_rffgen",29,0
"350","y_rffgen",30,0
"351","y_rffgen",31,-0.5
"352","y_rffgen",32,0
"353","y_rffgen",33,0
"354","y_rffgen",34,0
"355","y_rffgen",35,0
"356","y_rffgen",36,0
"357","y_rffgen",37,0
"358","y_rffgen",38,0
"359","y_rffgen",39,0
"360","y_rffgen",40,0
"361","y_rffgen",41,0
"362","y_rffgen",42,0
"363","y_rffgen",43,0
"364","y_rffgen",44,0
"365","y_rffgen",45,0
"366","y_rffgen",46,0
"367","y_rffgen",47,0
"368","y_rffgen",48,0
"369","y_rffgen",49,0
"370","y_rffgen",50,0
"371","y_rffintay",1,0.5
"372","y_rffintay",2,1
"373","y_rffintay",3,0.85
"374","y_rfftay",1,0.5
"375","y_rfftay",2,1
"376","y_rfftlr",1,-0.5
"377","y_rfftlr",2,0.375
"378","y_rfftlr",3,1.1
"379","y_rfynic",1,0.259943273443058
"380","y_rfynic",2,-0.146876711665231
"381","y_rfynic",3,0.148239693716889
"382","y_rfynic",4,0.642044514882675
"383","y_rfynil",1,0.187835679171449
"384","y_rfynil",2,-0.243536762223184
"385","y_rfynil",3,0.0790278081991443
"386","y_rfynil",4,0.0888015190087426
"387","y_rfynil",5,0.0406047250408104
"388","y_rfynil",6,0.143824175446106
"389","y_rfynil",7,0.0838086348537071
"390","y_rfynil",8,0.255964886059884
"391","y_rfynil",9,0.00781949937724329
"392","y_rg10p",1,0.998506559320842
"393","y_rg10p",2,-0.471854843200749
"394","y_rg10p",3,0.731421777087895
"395","y_rg10p",4,0.895933637655014
"396","y_rg30p",1,1.33754468934398
"397","y_rg30p",2,-0.589284386142066
"398","y_rg30p",3,0.836552384235665
"399","y_rg30p",4,0.904558899165945
"400","y_rg5p",1,0.747892378079507
"401","y_rg5p",2,-0.398469751101552
"402","y_rg5p",3,0.911950967266928
"403","y_rgfint",1,0.86
"404","y_rgfint",2,0.0054174280402085
"405","y_rgw",1,0.00495
"406","y_rgw",2,0.00271
"407","y_rgw",3,0.00129
"408","y_rgw",4,0.00105
"409","y_rme",1,0.492710079884981
"410","y_rme",2,0.677601632806069
"411","y_rme",3,0.242438634423863
"412","y_rme",4,0.230503798456081
"413","y_rme",5,0.068090632901375
"414","y_rrmet",1,0.9048
"415","y_rrmet",2,0.0952
"416","y_rrtr",1,0.97
"417","y_rrtr",2,0.03
"418","y_rstar",1,0.05
"419","y_rtbe",1,-0.0667736800969021
"420","y_rtbe",2,0.77207075647379
"421","y_rtbe",3,0.122409996871368
"422","y_rtbe",4,0.785095230106826
"423","y_rtbe",5,-0.679575983451983
"424","y_trfci",1,0.00133892767133083
"425","y_trfci",2,0.813015714153254
"426","y_trfci",3,0.10855018381465
"427","y_trfci",4,-0.219188466643241
"428","y_trfci",5,0.00136519282352333
"429","y_trfci",6,0.00232234850395023
"430","y_trfp",1,1
"431","y_trfp",2,0.624936909827227
"432","y_trfp",3,0.28964647733743
"433","y_trfp",4,0.00037228694291446
"434","y_trfpt",1,0.05
"435","y_trfpt",2,0.5
"436","y_trfpt",3,-0.1
"437","y_trsci",1,0.791150698521011
"438","y_trsci",2,0.905885941979416
"439","y_trsci",3,-0.697036640500427
"440","y_trsci",4,-0.000768122577729437
"441","y_trsci",5,0.000813135818496021
"442","y_trsci",6,0.114049963181959
"443","y_trsib",1,0.913438349011255
"444","y_trsib",2,1.33647889726315
"445","y_trsib",3,-1.24991724627441
"446","y_trsib",4,-3.35380668439645e-05
"447","y_trsp",1,0.632946369509944
"448","y_trsp",2,0.882450152119161
"449","y_trsp",3,-0.515396521629105
"450","y_trsp",4,2.41466405329002e-05
"451","y_trsp",5,0.0130918912495026
"452","y_trspt",1,0.05
"453","y_trspt",2,0.5
"454","y_trspt",3,-0.25
"455","y_trssi",1,1.18174981903228
"456","y_trssi",2,-0.231802445319393
"457","y_trssi",3,1.57567453008028
"458","y_trssi",4,-1.52562190379316
"459","y_trssi",5,-5.02625609041632e-06
"460","y_uces",1,-0.183452920658736
"461","y_uces",2,0.15541871816832
"462","y_uces",3,0.0800039151822915
"463","y_uces",4,-0.000441198444882199
"464","y_uces",5,-0.202286238365233
"465","y_uces",6,-0.0645388271511234
"466","y_uces",7,0.807324097402828
"467","y_uces",8,0.176436316477632
"468","y_ucfs",1,-0.0352346202106943
"469","y_ucfs",2,0.0453107908363
"470","y_ucfs",3,-0.000149716015492536
"471","y_ucfs",4,-0.0564600435216084
"472","y_ucfs",5,0.00246072275646691
"473","y_ucfs",6,0.997409811313602
"474","y_ucfs",7,0.335220705665991
"475","y_uqpct",1,0
"476","y_uxbt",1,0
"477","y_veoa",1,0.988
"478","y_veoa",2,0.012
"479","y_wdnfcn",1,-0.0220764413537807
"480","y_wdnfcn",2,0.0144209783174788
"481","y_wdnfcn",3,0.237525726537937
"482","y_wdnfcn",4,0.0969307419358252
"483","y_wdnfcn",5,0.00167123257761314
"484","y_xbo",1,1.33812914898423
"485","y_xgo",1,1.313096
"486","y_xgpot",1,0.7
"487","y_xgpot",2,0.265
"488","y_xgpot",3,0.035
"489","y_xgpot",4,0.035
"490","y_yhibn",1,1
"491","y_yhibn",2,-0.13363075545301
"492","y_yhibn",3,0.0654551853706036
"493","y_yhibn",4,0.294218255989778
"494","y_yhibn",5,0.023569042697273
"495","y_yhibn",6,0.00249634326076621
"496","y_yhibn",7,0.0664290403607838
"497","y_yhibn",8,0.00538288988022524
"498","y_yhpcd",1,0.05375
"499","y_ynidn",1,0.0903554997290158
"500","y_ynidn",2,-0.13640181972883
"501","y_ynidn",3,1
"502","y_yniin",1,0.0133546051503004
"503","y_yniin",2,0.871571257763362
"504","y_yniin",3,0.031077573978103
"505","y_yniin",4,0.128428742236638
"506","y_yniin",5,0.476782194192738
"507","y_yniin",6,0.327779818898804
"508","y_zdivgr",1,1.51107117220662e-15
"509","y_zdivgr",2,-0.00911148023916408
"510","y_zdivgr",3,0.031837417801072
"511","y_zdivgr",4,0.0283374793753533
"512","y_zdivgr",5,0.0257670361999078
"513","y_zdivgr",6,-0.0731581969276001
"514","y_zdivgr",7,0.0206129287904683
"515","y_zdivgr",8,-0.0815093807905874
"516","y_zdivgr",9,0.0446543808856792
"517","y_zdivgr",10,0.0894002680421588
"518","y_zdivgr",11,-0.0768304531369786
"519","y_zdivgr",12,-0.392603943604312
"520","y_zdivgr",13,0.233750687953166
"521","y_zdivgr",14,0.0189658909694681
"522","y_zdivgr",15,0.0660628433673717
"523","y_zdivgr",16,0.0149118879973132
"524","y_zdivgr",17,0.00228867007374822
"525","y_zdivgr",18,0.002126749199529
"526","y_zdivgr",19,-0.000522333117872096
"527","y_zdivgr",20,0.98119502584728
"528","y_zecd",1,-0.00058354406977373
"529","y_zecd",2,-0.000489048738482966
"530","y_zecd",3,-0.000317860148694653
"531","y_zecd",4,-1.15273548734143e-05
"532","y_zecd",5,-0.00152168963353868
"533","y_zecd",6,0.00184186662931939
"534","y_zecd",7,-0.000333793127214839
"535","y_zecd",8,0.000597817879517163
"536","y_zecd",9,-7.86097915541912e-05
"537","y_zecd",10,-0.000271818359314181
"538","y_zecd",11,-1.08456169550867e-05
"539","y_zecd",12,-0.000284009950207911
"540","y_zecd",13,0.00140198031182459
"541","y_zecd",14,-0.000584201748083211
"542","y_zecd",15,-1.05856869347445e-05
"543","y_zecd",16,0.00012108254988458
"544","y_zecd",17,0.000150192115996216
"545","y_zecd",18,0.000127241914109843
"546","y_zecd",19,-6.04484175632518e-05
"547","y_zecd",20,3.61585541556978e-05
"548","y_zecd",21,0.000144283434733859
"549","y_zecd",22,-2.15782287406248e-05
"550","y_zecd",23,0.000254285848392486
"551","y_zecd",24,-0.000144201480047619
"552","y_zecd",25,0.000121082311003153
"553","y_zecd",26,8.63980305506584e-05
"554","y_zecd",27,1.01167981819333
"555","y_zecd",28,-0.732764399467509
"556","y_zecd",29,0.0255043756278765
"557","y_zecd",30,0.0230825713305372
"558","y_zecd",31,-0.00613618582514092
"559","y_zecd",32,0.00447098312351302
"560","y_zeco",1,-8.30230284039476e-05
"561","y_zeco",2,-8.48134100519544e-05
"562","y_zeco",3,-1.07091935645806e-05
"563","y_zeco",4,9.38149440561725e-05
"564","y_zeco",5,2.66667332573096e-05
"565","y_zeco",6,-4.14665286911662e-05
"566","y_zeco",7,6.35886979919911e-05
"567","y_zeco",8,6.46447465153467e-06
"568","y_zeco",9,-0.00052769836952731
"569","y_zeco",10,0.000259687695296458
"570","y_zeco",11,0.000147544905819131
"571","y_zeco",12,-0.000111512165993508
"572","y_zeco",13,8.47306879642559e-05
"573","y_zeco",14,-5.52533772096299e-05
"574","y_zeco",15,-0.000445289698503186
"575","y_zeco",16,0.000243055353106707
"576","y_zeco",17,0.000278086788565698
"577","y_zeco",18,-4.28275303484667e-05
"578","y_zeco",19,-7.10143454198851e-06
"579","y_zeco",20,1.1884957647988e-06
"580","y_zeco",21,5.44741840756718e-05
"581","y_zeco",22,-5.5385344067139e-05
"582","y_zeco",23,0.000173355190067258
"583","y_zeco",24,-0.000198824531650753
"584","y_zeco",25,-3.68010097310283e-05
"585","y_zeco",26,-4.20213697561839e-05
"586","y_zeco",27,0.453043037615139
"587","y_zeco",28,0.0520395596114426
"588","y_zeco",29,0.0189176469400076
"589","y_zeco",30,0.00205618412384002
"590","y_zeco",31,0.0129713174454895
"591","y_zeh",1,-0.000147563641687294
"592","y_zeh",2,-3.03236527312512e-05
"593","y_zeh",3,-4.47385596932159e-06
"594","y_zeh",4,1.8401597270002e-05
"595","y_zeh",5,8.45630789709421e-05
"596","y_zeh",6,9.92786007330403e-05
"597","y_zeh",7,3.54163240229519e-05
"598","y_zeh",8,4.66571507503647e-05
"599","y_zeh",9,9.31658893706982e-05
"600","y_zeh",10,6.8548232500974e-05
"601","y_zeh",11,-5.09949809694526e-05
"602","y_zeh",12,-0.000103438760109973
"603","y_zeh",13,0.000163959553117895
"604","y_zeh",14,-0.000371474828505906
"605","y_zeh",15,0.000200853196147798
"606","y_zeh",16,6.39494543366261e-05
"607","y_zeh",17,-8.19634162449608e-06
"608","y_zeh",18,-6.05874306984697e-06
"609","y_zeh",19,1.63793975650938e-05
"610","y_zeh",20,2.89672198646735e-05
"611","y_zeh",21,4.93966131737661e-05
"612","y_zeh",22,3.62264132764826e-05
"613","y_zeh",23,-2.55531359432078e-05
"614","y_zeh",24,1.79468776526266e-05
"615","y_zeh",25,5.86153970663411e-05
"616","y_zeh",26,3.62368915189708e-05
"617","y_zeh",27,0.425872218068153
"618","y_zeh",28,0.0064760618493411
"619","y_zeh",29,-0.000164489724814496
"620","y_zeh",30,-0.00363882578901151
"621","y_zeh",31,-0.00228472163224812
"622","y_zgap05",1,2.25700790935793e-15
"623","y_zgap05",2,-0.159714959530349
"624","y_zgap05",3,-0.0271459642153113
"625","y_zgap05",4,-0.0564486969188964
"626","y_zgap05",5,0.0378717383448217
"627","y_zgap05",6,-0.392238403272139
"628","y_zgap05",7,0.104802705415998
"629","y_zgap05",8,0.115864083501861
"630","y_zgap05",9,0.0235629089921137
"631","y_zgap05",10,0.148008705362188
"632","y_zgap05",11,0.205437882319746
"633","y_zgap05",12,1.04485801105375
"634","y_zgap05",13,-0.411511101372782
"635","y_zgap05",14,-0.062153345476508
"636","y_zgap05",15,-0.0951444320982366
"637","y_zgap10",1,1.91355018402085e-15
"638","y_zgap10",2,-0.0885671608434484
"639","y_zgap10",3,-0.0151479335334092
"640","y_zgap10",4,-0.0306494606731028
"641","y_zgap10",5,0.0203854779070498
"642","y_zgap10",6,-0.204727657162935
"643","y_zgap10",7,0.0578746716903394
"644","y_zgap10",8,0.0640970758845207
"645","y_zgap10",9,0.013364942058135
"646","y_zgap10",10,0.0693909675299768
"647","y_zgap10",11,0.113979077142933
"648","y_zgap10",12,0.557359359058442
"649","y_zgap10",13,-0.220685237022009
"650","y_zgap10",14,-0.0360308698107713
"651","y_zgap10",15,-0.0521352725329075
"652","y_zgap30",1,9.18504088330008e-15
"653","y_zgap30",2,-0.0469988785431175
"654","y_zgap30",3,-0.00806440420330568
"655","y_zgap30",4,-0.0163581795755826
"656","y_zgap30",5,0.0108176406072167
"657","y_zgap30",6,-0.108559229820203
"658","y_zgap30",7,0.0306500373966963
"659","y_zgap30",8,0.0343108577681932
"660","y_zgap30",9,0.0069109574582897
"661","y_zgap30",10,0.0366873771970645
"662","y_zgap30",11,0.0606038217148198
"663","y_zgap30",12,0.297225324444215
"664","y_zgap30",13,-0.118014628062804
"665","y_zgap30",14,-0.0190698734927532
"666","y_zgap30",15,-0.0276948796860827
"667","y_zgapc2",1,-0.0164234836215758
"668","y_zgapc2",2,-0.00366955932650059
"669","y_zgapc2",3,-0.00803110319006802
"670","y_zgapc2",4,0.0041020544110656
"671","y_zgapc2",5,-0.0435892033333068
"672","y_zgapc2",6,0.0111676301881108
"673","y_zgapc2",7,0.0177995219927119
"674","y_zgapc2",8,-0.000347969180076234
"675","y_zgapc2",9,0.21401189321228
"676","y_zgapc2",10,-0.0807446880354805
"677","y_zgapc2",11,-0.0212290268300894
"678","y_zgapc2",12,-0.0122434953682369
"679","y_zgapc2",13,0.0240220917270799
"680","y_zgapc2",14,0.0149700203325529
"681","y_zlhp",1,-0.000252243937214112
"682","y_zlhp",2,-5.09827012500764e-05
"683","y_zlhp",3,-0.000255262137482865
"684","y_zlhp",4,3.98160743022838e-05
"685","y_zlhp",5,-0.00100925722506721
"686","y_zlhp",6,2.67406696567471e-05
"687","y_zlhp",7,0.000751837121065171
"688","y_zlhp",8,-8.71137938180824e-05
"689","y_zlhp",9,0.000317793228163498
"690","y_zlhp",10,0.000518672701644757
"691","y_zlhp",11,-0.000112949016643593
"692","y_zlhp",12,0.000210432484996574
"693","y_zlhp",13,-3.80793482663698e-05
"694","y_zlhp",14,-0.000337500822172339
"695","y_zlhp",15,0.195247372681213
"696","y_zlhp",16,0.655629670225322
"697","y_zpi10",1,0.0387975671788466
"698","y_zpi10",2,0.0131065569078188
"699","y_zpi10",3,0.0124907397884077
"700","y_zpi10",4,0.00201364444700266
"701","y_zpi10",5,-0.111520565533814
"702","y_zpi10",6,-0.00521854310107176
"703","y_zpi10",7,-0.0277302060878344
"704","y_zpi10",8,-0.000979902127496756
"705","y_zpi10",9,0.145449216850255
"706","y_zpi10",10,0.933591491677921
"707","y_zpi10",11,0.0743874192001927
"708","y_zpi10",12,-0.0155245891718455
"709","y_zpi10",13,0.0298866030792615
"710","y_zpi10",14,0.0143043557448697
"711","y_zpi5",1,0.0675835315840332
"712","y_zpi5",2,0.0216148543159614
"713","y_zpi5",3,0.0178245681413686
"714","y_zpi5",4,0.00296452469821149
"715","y_zpi5",5,-0.178406815349088
"716","y_zpi5",6,-0.0121952664480123
"717","y_zpi5",7,-0.0334472684363196
"718","y_zpi5",8,-0.0102355904227597
"719","y_zpi5",9,0.234284940656192
"720","y_zpi5",10,0.890012521260424
"721","y_zpi5",11,0.183301234193811
"722","y_zpi5",12,-0.0650287410730993
"723","y_zpi5",13,0.0528818430536656
"724","y_zpi5",14,0.0240278207288666
"725","y_zpib5",1,2.01476156294216e-14
"726","y_zpib5",2,0.0838122044882992
"727","y_zpib5",3,0.039668372501657
"728","y_zpib5",4,0.0296826848992651
"729","y_zpib5",5,-0.00329322932381046
"730","y_zpib5",6,-0.237687985938127
"731","y_zpib5",7,-0.0285625287376191
"732","y_zpib5",8,-0.059254687390406
"733","y_zpib5",9,-0.00682469193462743
"734","y_zpib5",10,0.332329894000814
"735","y_zpib5",11,0.754677157610524
"736","y_zpib5",12,0.158133970694863
"737","y_zpib5",13,-0.0332799489798355
"738","y_zpib5",14,0.0696110147490829
"739","y_zpib5",15,0.018275160900987
"740","y_zpib5",16,0.0512632047849351
"741","y_zpib5",17,0.0211426962436482
"742","y_zpib5",18,0.00512554180686251
"743","y_zpib5",19,0.0179213669886331
"744","y_zpic30",1,9.99834877689828e-14
"745","y_zpic30",2,0.0377244293928102
"746","y_zpic30",3,0.00691792724638696
"747","y_zpic30",4,0.00661122723525404
"748","y_zpic30",5,0.0010348337329817
"749","y_zpic30",6,-0.0585386000710487
"750","y_zpic30",7,-0.00285599470977195
"751","y_zpic30",8,-0.0147706858757107
"752","y_zpic30",9,-0.000476337309747257
"753","y_zpic30",10,0.0766416179662807
"754","y_zpic30",11,0.947711582392616
"755","y_zpic30",12,0.038244996340517
"756","y_zpic30",13,-0.00752854524045303
"757","y_zpic30",14,0.0157852915848761
"758","y_zpic30",15,0.0075874623813493
"759","y_zpic58",1,0.341992485722588
"760","y_zpic58",2,0.0502907714605798
"761","y_zpic58",3,0.0428046138306054
"762","y_zpic58",4,-0.017196351773948
"763","y_zpic58",5,-0.0187974621113594
"764","y_zpic58",6,-0.0878733846105484
"765","y_zpic58",7,-0.0219516182536963
"766","y_zpic58",8,-0.0815952625463118
"767","y_zpic58",9,0.210217727521914
"768","y_zpic58",10,0.582108480760165
"769","y_zpic58",11,0.152853438572044
"770","y_zpic58",12,-0.153488872818728
"771","y_zpic58",13,0.128326582847187
"772","y_zpic58",14,0.0893413615819227
"773","y_zpicxfe",1,0.323685055125
"774","y_zpicxfe",2,-0.00320254773354
"775","y_zpicxfe",3,0.000957688783119
"776","y_zpicxfe",4,0.0104690425827
"777","y_zpicxfe",5,0.0728421201324
"778","y_zpicxfe",6,0.0485660152256
"779","y_zpicxfe",7,0.0356099875642
"780","y_zpicxfe",8,0.0223917457946
"781","y_zpicxfe",9,-0.0258865827636
"782","y_zpicxfe",10,-0.000898937891484
"783","y_zpicxfe",11,-0.00763557124914
"784","y_zpicxfe",12,0.0018435960169
"785","y_zpicxfe",13,0.040831246969
"786","y_zpicxfe",14,-0.0071066127103
"787","y_zpicxfe",15,-0.0139551213891
"788","y_zpicxfe",16,0.00345905227284
"789","y_zpicxfe",17,0.0325774958873
"790","y_zpicxfe",18,0.488680892526
"791","y_zpicxfe",19,19.083948146
"792","y_zpicxfe",20,0.00020472870205
"793","y_zpicxfe",21,-0.179409868717
"794","y_zpicxfe",22,-0.0688771440181
"795","y_zpicxfe",23,0.0401344789058
"796","y_zpieci",1,-0.0173696976108
"797","y_zpieci",2,-0.00564002523431
"798","y_zpieci",3,0.000750046022225
"799","y_zpieci",4,0.0186445167159
"800","y_zpieci",5,0.222229235683
"801","y_zpieci",6,0.209435405122
"802","y_zpieci",7,0.221364488567
"803","y_zpieci",8,0.0355225552552
"804","y_zpieci",9,-0.0297816947101
"805","y_zpieci",10,-0.00044573477206
"806","y_zpieci",11,-0.0139440534183
"807","y_zpieci",12,0.00328329515168
"808","y_zpieci",13,0.071598879498
"809","y_zpieci",14,-0.0105584507944
"810","y_zpieci",15,-0.0255015980385
"811","y_zpieci",16,0.00616029187126
"812","y_zpieci",17,0.0408881877487
"813","y_zpieci",18,0.31506347548
"814","y_zpieci",19,-3.15596574235
"815","y_zpieci",20,0.000324515649973
"816","y_zpieci",21,0.311448315373
"817","y_zpieci",22,-0.157612577508
"818","y_zpieci",23,0.0855951235653
"819","y_zrff10",1,-1.22592819174029e-13
"820","y_zrff10",2,-0.0277161995638212
"821","y_zrff10",3,-0.0118808087118955
"822","y_zrff10",4,-0.032921455379575
"823","y_zrff10",5,-0.000798887939801658
"824","y_zrff10",6,0.158853567069239
"825","y_zrff10",7,-0.00650649360473073
"826","y_zrff10",8,0.132653589097017
"827","y_zrff10",9,-0.0539728665035458
"828","y_zrff10",10,0.768972203942
"829","y_zrff10",11,0.0733173515949654
"830","y_zrff10",12,0.424494686041887
"831","y_zrff10",13,-0.297476853286567
"832","y_zrff10",14,-0.0183879427571628
"833","y_zrff10",15,-0.0205644821485906
"834","y_zrff30",1,-6.43109871076874e-14
"835","y_zrff30",2,-0.0146945248012964
"836","y_zrff30",3,-0.00636661154894628
"837","y_zrff30",4,-0.0176145136023504
"838","y_zrff30",5,-0.000475048359716519
"839","y_zrff30",6,0.0854331443764752
"840","y_zrff30",7,-0.0036101736515647
"841","y_zrff30",8,0.0709899525560065
"842","y_zrff30",9,-0.0290025305951255
"843","y_zrff30",10,0.876189607314137
"844","y_zrff30",11,0.0391506983122192
"845","y_zrff30",12,0.226579395674225
"846","y_zrff30",13,-0.159149636924431
"847","y_zrff30",14,-0.0097620683394436
"848","y_zrff30",15,-0.0109158523119194
"849","y_zrff5",1,-2.89399441984593e-13
"850","y_zrff5",2,-0.0332961569233715
"851","y_zrff5",3,-0.0165137744429529
"852","y_zrff5",4,-0.0523236718760278
"853","y_zrff5",5,-0.00253873067363775
"854","y_zrff5",6,0.264433405260447
"855","y_zrff5",7,-0.0189504540475366
"856","y_zrff5",8,0.215992108233252
"857","y_zrff5",9,-0.0927794558479345
"858","y_zrff5",10,0.631304396401837
"859","y_zrff5",11,0.104672333915803
"860","y_zrff5",12,0.704533623322798
"861","y_zrff5",13,-0.487681994523513
"862","y_zrff5",14,-0.0221812170308788
"863","y_zrff5",15,-0.0289262404118043
"864","y_zvpd",1,-3.50354587889608e-16
"865","y_zvpd",2,-0.000256331812028782
"866","y_zvpd",3,-0.000305381749385879
"867","y_zvpd",4,0.00027546500719852
"868","y_zvpd",5,0.000344324855239007
"869","y_zvpd",6,-0.000915699261568497
"870","y_zvpd",7,0.00106708504239602
"871","y_zvpd",8,-0.000720870193064199
"872","y_zvpd",9,0.000655682531828069
"873","y_zvpd",10,-8.61981195912769e-05
"874","y_zvpd",11,-5.80763010229323e-05
"875","y_zvpd",12,-0.000903857496805948
"876","y_zvpd",13,7.75681413076483e-05
"877","y_zvpd",14,0.000139631583283988
"878","y_zvpd",15,0.000332338683979037
"879","y_zvpd",16,2.31762107757644e-15
"880","y_zvpd",17,2.75140007010272e-15
"881","y_zvpd",18,-4.9864805340381e-15
"882","y_zvpd",19,4.24099392879384e-16
"883","y_zvpd",20,-0.0277536841868013
"884","y_zvpd",21,-0.00602651388835684
"885","y_zvpd",22,0.00838775246141692
"886","y_zvpd",23,0.016655771393721
"887","y_zvpd",24,0.239364392138717
"888","y_zvpi",1,3.86979123596314e-05
"889","y_zvpi",2,3.80256114092935e-06
"890","y_zvpi",3,2.6121811811746e-05
"891","y_zvpi",4,2.05719790994021e-05
"892","y_zvpi",5,-2.69681987323601e-05
"893","y_zvpi",6,5.15621846660107e-05
"894","y_zvpi",7,-6.82913490848621e-05
"895","y_zvpi",8,2.67268698806991e-05
"896","y_zvpi",9,1.6970493270514e-05
"897","y_zvpi",10,-8.91942644117109e-05
"898","y_zvpi",11,-0.000142665177836742
"899","y_zvpi",12,6.8995194722061e-06
"900","y_zvpi",13,4.9497539040235e-05
"901","y_zvpi",14,1.69794066300211e-05
"902","y_zvpi",15,-3.58637753536712e-16
"903","y_zvpi",16,2.63351285961416e-15
"904","y_zvpi",17,-5.05991777237716e-16
"905","y_zvpi",18,-2.83807632730006e-17
"906","y_zvpi",19,-0.000983387350235154
"907","y_zvpi",20,0.000471944455239995
"908","y_zvpi",21,0.000542435695683391
"909","y_zvpi",22,0.000511922034569498
"910","y_zvpi",23,0.145517187263313
"911","y_zvps",1,0.000785231478358936
"912","y_zvps",2,-0.000132550284647463
"913","y_zvps",3,0.000106083743490187
"914","y_zvps",4,0.000103926092617813
"915","y_zvps",5,-0.000525383632369096
"916","y_zvps",6,0.000441415179437732
"917","y_zvps",7,-0.000213569158110257
"918","y_zvps",8,2.44031642159807e-05
"919","y_zvps",9,0.000273134446825656
"920","y_zvps",10,-0.000862691029819439
"921","y_zvps",11,0.000747413447662811
"922","y_zvps",12,-0.00247775270307151
"923","y_zvps",13,0.00116504419749305
"924","y_zvps",14,-8.29368767503753e-05
"925","y_zvps",15,8.74726228138321e-15
"926","y_zvps",16,2.29917926918378e-14
"927","y_zvps",17,-3.57220736939599e-14
"928","y_zvps",18,-2.0163856573008e-15
"929","y_zvps",19,0.0177840760824315
"930","y_zvps",20,0.0216678566135848
"931","y_zvps",21,0.0250623421259323
"932","y_zvps",22,0.0109226567132253
"933","y_zvps",23,-3.14816969632874e-16
"934","y_zxbd",1,-2.51579920942417e-16
"935","y_zxbd",2,-0.00018355226639571
"936","y_zxbd",3,-9.20694428089123e-05
"937","y_zxbd",4,-0.000169059456372866
"938","y_zxbd",5,1.88115854840992e-05
"939","y_zxbd",6,-0.000742390385610081
"940","y_zxbd",7,4.15749430475499e-05
"941","y_zxbd",8,0.000519338045260987
"942","y_zxbd",9,-0.000153637606941248
"943","y_zxbd",10,0.000335115004242856
"944","y_zxbd",11,0.000425869580093344
"945","y_zxbd",12,3.68782063484869e-05
"946","y_zxbd",13,0.000139955785085664
"947","y_zxbd",14,2.13309787754292e-05
"948","y_zxbd",15,-4.57482726768261e-05
"949","y_zxbd",16,0.176393710551548
"950","y_zxbd",17,0.0257742710010778
"951","y_zxbd",18,-0.00420852928501373
"952","y_zxbd",19,-0.022328519007955
"953","y_zxbd",20,-1.89323076806961e-16
"954","y_zxbd",21,-7.54040823230986e-18
"955","y_zxbd",22,2.12604783201344e-17
"956","y_zxbd",23,1.13081457900667e-16
"957","y_zxbd",24,0.00979316107055669
"958","y_zxbi",1,-3.90728811941461e-05
"959","y_zxbi",2,-1.53656575331458e-05
"960","y_zxbi",3,-1.04865320403281e-05
"961","y_zxbi",4,1.111064792542e-06
"962","y_zxbi",5,-5.01258122791435e-05
"963","y_zxbi",6,1.97057237123376e-05
"964","y_zxbi",7,1.97197847625399e-05
"965","y_zxbi",8,8.99382154994454e-06
"966","y_zxbi",9,1.70648225432825e-06
"967","y_zxbi",10,6.38140059750764e-05
"968","y_zxbi",11,-0.000171657765106927
"969","y_zxbi",12,0.000123207872571336
"970","y_zxbi",13,-1.38623840070405e-05
"971","y_zxbi",14,-6.49256948832859e-06
"972","y_zxbi",15,0.0166252892785876
"973","y_zxbi",16,0.00170440610011944
"974","y_zxbi",17,-0.000923052405884215
"975","y_zxbi",18,-0.0021544329998511
"976","y_zxbi",19,4.58230630865271e-17
"977","y_zxbi",20,7.28885719091253e-17
"978","y_zxbi",21,1.43340098827118e-16
"979","y_zxbi",22,7.12970785072567e-17
"980","y_zxbi",23,0.126166730234646
"981","y_zxbs",1,-0.000199445699938012
"982","y_zxbs",2,-7.21404199631261e-05
"983","y_zxbs",3,-7.99329702758048e-05
"984","y_zxbs",4,2.21136030780211e-05
"985","y_zxbs",5,-0.000493734659905379
"986","y_zxbs",6,0.000106105566634353
"987","y_zxbs",7,0.000177118596381495
"988","y_zxbs",8,1.38884021863751e-05
"989","y_zxbs",9,0.000196622094703143
"990","y_zxbs",10,0.000329405487098945
"991","y_zxbs",11,-0.000164918189850864
"992","y_zxbs",12,0.000272267194019542
"993","y_zxbs",13,-5.38641966349504e-05
"994","y_zxbs",14,-6.49132625977483e-05
"995","y_zxbs",15,0.0837725181687953
"996","y_zxbs",16,0.0100520251030516
"997","y_zxbs",17,-0.00363712953503696
"998","y_zxbs",18,-0.010717326474096
"999","y_zxbs",19,-3.50583317582119e-17
"1000","y_zxbs",20,-8.48281415712656e-17
"1001","y_zxbs",21,3.12854079049299e-17
"1002","y_zxbs",22,2.64569900271462e-18
"1003","y_zxbs",23,0.0517933271996046
"1004","y_zyh",1,-0.000230181396199933
"1005","y_zyh",2,0.000729208359774901
"1006","y_zyh",3,0.000621747125390682
"1007","y_zyh",4,0.000593471557839772
"1008","y_zyh",5,-0.00184652936538952
"1009","y_zyh",6,0.000290499777952363
"1010","y_zyh",7,-0.000498896568324019
"1011","y_zyh",8,0.000331357271901136
"1012","y_zyh",9,0.00160722216036485
"1013","y_zyh",10,0.00300587178810746
"1014","y_zyh",11,0.000641211624186179
"1015","y_zyh",12,-0.00143778320637503
"1016","y_zyh",13,-0.00171424564678947
"1017","y_zyh",14,0.00172356888383944
"1018","y_zyh",15,0.00460618898393646
"1019","y_zyh",16,0.000917770012533531
"1020","y_zyh",17,0.000107987164080175
"1021","y_zyh",18,-0.000257481402353127
"1022","y_zyhp",1,0.000384467702497963
"1023","y_zyhp",2,0.00120536159742344
"1024","y_zyhp",3,0.000962098009616177
"1025","y_zyhp",4,0.000696883450295374
"1026","y_zyhp",5,-0.00144632887412947
"1027","y_zyhp",6,-0.000338144782271929
"1028","y_zyhp",7,-0.000483470708070356
"1029","y_zyhp",8,8.81436903936123e-05
"1030","y_zyhp",9,-0.00111689440464134
"1031","y_zyhp",10,0.00396730370581966
"1032","y_zyhp",11,0.00119169002429093
"1033","y_zyhp",12,-0.00128657556560404
"1034","y_zyhp",13,-0.0032488107597546
"1035","y_zyhp",14,0.00217980067401841
"1036","y_zyhp",15,0.00533377318902244
"1037","y_zyhp",16,0.000473358521414392
"1038","y_zyhp",17,0.000370628712644909
"1039","y_zyhp",18,-0.000649214864887227
"1040","y_zyhp",19,0.00211187129271938
"1041","y_zyhp",20,0.00015595243478764
"1042","y_zyhp",21,-0.000311855688032051
"1043","y_zyhp",22,-0.000261887073305559
"1044","y_zyhpst",1,0.05
"1045","y_zyhst",1,0.05
"1046","y_zyht",1,-0.00053757568422873
"1047","y_zyht",2,0.000425639897755129
"1048","y_zyht",3,0.000429593178783961
"1049","y_zyht",4,0.000341427177193636
"1050","y_zyht",5,-0.00207960605227204
"1051","y_zyht",6,0.000739968790177999
"1052","y_zyht",7,-0.00129819884174005
"1053","y_zyht",8,0.000238299586667277
"1054","y_zyht",9,0.00167487997831964
"1055","y_zyht",10,0.00430060314924921
"1056","y_zyht",11,0.0023697126612771
"1057","y_zyht",12,-0.000203171612370001
"1058","y_zyht",13,-0.000659084569397071
"1059","y_zyht",14,0.00239953651703775
"1060","y_zyht",15,0.00302112441653147
"1061","y_zyht",16,0.000793771062011367
"1062","y_zyht",17,0.000420215329446573
"1063","y_zyht",18,-7.56567805611044e-05
"1064","y_zyht",19,0.00210614850219156
"1065","y_zyht",20,0.000484106564505105
"1066","y_zyht",21,-8.22241549728845e-05
"1067","y_zyht",22,0.000309355809729907
"1068","y_zyhtst",1,0.05
"1069","y_zynid",1,-5.17774502959623e-16
"1070","y_zynid",2,3.50752755841556e-05
"1071","y_zynid",3,0.000435417150988333
"1072","y_zynid",4,0.000376583378009075
"1073","y_zynid",5,0.000155205020715745
"1074","y_zynid",6,0.000186849108845778
"1075","y_zynid",7,-0.000501123189498607
"1076","y_zynid",8,-0.000649837982891668
"1077","y_zynid",9,0.000271909975346178
"1078","y_zynid",10,0.000692202088198832
"1079","y_zynid",11,-0.00100228082529738
"1080","y_zynid",12,-0.0045745409815643
"1081","y_zynid",13,0.00198939787893436
"1082","y_zynid",14,5.63574525823955e-05
"1083","y_zynid",15,0.00113106442084277
"1084","y_zynid",16,0.00215674471364588
"1085","y_zynid",17,0.0117354367680391
"1086","y_zynid",18,0.0119666538260807
"1087","y_zynid",19,-0.00388442843181684
"1088","y_zynid",20,1.11442726686642
